cycle,component,file,status,detail
2005-2006,DEMO,DEMO_D.xpt,OK,"3,566,560 bytes"
2005-2006,BMX,BMX_D.xpt,OK,"2,153,760 bytes"
2005-2006,GHB,GHB_D.xpt,OK,"112,720 bytes"
2005-2006,GLU,GLU_D.xpt,OK,"216,400 bytes"
2005-2006,BPX,BPX_D.xpt,OK,"2,233,440 bytes"
2005-2006,BIOPRO,BIOPRO_D.xpt,WARN,missing ['LBXSCK']
2005-2006,DIQ,DIQ_D.xpt,OK,"2,834,560 bytes"
2005-2006,KIQ_U,KIQ_U_D.xpt,OK,"560,400 bytes"
2005-2006,SMQ,SMQ_D.xpt,OK,"2,578,880 bytes"
2005-2006,ALQ,ALQ_D.xpt,WARN,missing ['ALQ151']
2005-2006,PAQ,PAQ_D.xpt,WARN,"missing ['PAQ605', 'PAQ620', 'PAQ635', 'PAQ650', 'PAQ665', 'PAD680']"
2005-2006,DBQ,DBQ_D.xpt,OK,"4,395,760 bytes"
2005-2006,MCQ,MCQ_D.xpt,OK,"7,006,480 bytes"
2005-2006,BPQ,BPQ_D.xpt,OK,"788,800 bytes"
2005-2006,CBC,CBC_D.xpt,OK,"1,589,600 bytes"
2005-2006,HDL,HDL_D.xpt,OK,"195,280 bytes"
2005-2006,TCHOL,TCHOL_D.xpt,OK,"195,280 bytes"
2005-2006,TRIGLY,TRIGLY_D.xpt,OK,"216,400 bytes"
2005-2006,INS,INS_D.xpt,OK,"216,400 bytes"
2005-2006,HSCRP,CRP_D.xpt,OK,"152,080 bytes"
2005-2006,ALB_CR,ALB_CR_D.xpt,WARN,missing ['URDACT']
2005-2006,HSQ,HSQ_D.xpt,OK,"908,640 bytes"
2007-2008,DEMO,DEMO_E.xpt,OK,"3,498,080 bytes"
2007-2008,BMX,BMX_E.xpt,OK,"1,800,240 bytes"
2007-2008,GHB,GHB_E.xpt,OK,"111,760 bytes"
2007-2008,GLU,GLU_E.xpt,OK,"214,000 bytes"
2007-2008,BPX,BPX_E.xpt,OK,"2,113,200 bytes"
2007-2008,BIOPRO,BIOPRO_E.xpt,WARN,missing ['LBXSCK']
2007-2008,DIQ,DIQ_E.xpt,OK,"2,789,600 bytes"
2007-2008,KIQ_U,KIQ_U_E.xpt,OK,"762,640 bytes"
2007-2008,SMQ,SMQ_E.xpt,OK,"2,449,520 bytes"
2007-2008,ALQ,ALQ_E.xpt,WARN,missing ['ALQ151']
2007-2008,PAQ,PAQ_E.xpt,OK,"1,576,000 bytes"
2007-2008,DBQ,DBQ_E.xpt,OK,"4,392,720 bytes"
2007-2008,MCQ,MCQ_E.xpt,OK,"7,127,840 bytes"
2007-2008,BPQ,BPQ_E.xpt,OK,"998,480 bytes"
2007-2008,CBC,CBC_E.xpt,OK,"1,567,280 bytes"
2007-2008,HDL,HDL_E.xpt,OK,"196,400 bytes"
2007-2008,TCHOL,TCHOL_E.xpt,OK,"196,400 bytes"
2007-2008,TRIGLY,TRIGLY_E.xpt,OK,"160,720 bytes"
2007-2008,INS,INS_E.xpt,OK,"214,000 bytes"
2007-2008,HSCRP,CRP_E.xpt,OK,"140,480 bytes"
2007-2008,ALB_CR,ALB_CR_E.xpt,WARN,missing ['URDACT']
2007-2008,HSQ,HSQ_E.xpt,OK,"1,045,120 bytes"
2009-2010,DEMO,DEMO_F.xpt,OK,"3,631,600 bytes"
2009-2010,BMX,BMX_F.xpt,OK,"1,890,560 bytes"
2009-2010,GHB,GHB_F.xpt,OK,"118,960 bytes"
2009-2010,GLU,GLU_F.xpt,OK,"231,040 bytes"
2009-2010,BPX,BPX_F.xpt,OK,"2,219,280 bytes"
2009-2010,BIOPRO,BIOPRO_F.xpt,WARN,missing ['LBXSCK']
2009-2010,DIQ,DIQ_F.xpt,OK,"1,620,960 bytes"
2009-2010,KIQ_U,KIQ_U_F.xpt,OK,"798,880 bytes"
2009-2010,SMQ,SMQ_F.xpt,OK,"2,580,560 bytes"
2009-2010,ALQ,ALQ_F.xpt,WARN,missing ['ALQ151']
2009-2010,PAQ,PAQ_F.xpt,OK,"1,645,280 bytes"
2009-2010,DBQ,DBQ_F.xpt,OK,"4,644,800 bytes"
2009-2010,MCQ,MCQ_F.xpt,OK,"6,562,720 bytes"
2009-2010,BPQ,BPQ_F.xpt,OK,"1,161,040 bytes"
2009-2010,CBC,CBC_F.xpt,OK,"1,656,000 bytes"
2009-2010,HDL,HDL_F.xpt,OK,"207,440 bytes"
2009-2010,TCHOL,TCHOL_F.xpt,OK,"207,440 bytes"
2009-2010,TRIGLY,TRIGLY_F.xpt,OK,"173,520 bytes"
2009-2010,INS,INS_F.xpt,OK,"231,040 bytes"
2009-2010,HSCRP,CRP_F.xpt,OK,"148,480 bytes"
2009-2010,ALB_CR,ALB_CR_F.xpt,OK,"758,400 bytes"
2009-2010,HSQ,HSQ_F.xpt,OK,"1,104,240 bytes"
2011-2012,DEMO,DEMO_G.xpt,OK,"3,753,760 bytes"
2011-2012,BMX,BMX_G.xpt,OK,"1,946,720 bytes"
2011-2012,GHB,GHB_G.xpt,OK,"105,840 bytes"
2011-2012,GLU,GLU_G.xpt,OK,"209,200 bytes"
2011-2012,BPX,BPX_G.xpt,OK,"2,021,600 bytes"
2011-2012,BIOPRO,BIOPRO_G.xpt,OK,"1,997,040 bytes"
2011-2012,DIQ,DIQ_G.xpt,OK,"3,978,560 bytes"
2011-2012,KIQ_U,KIQ_U_G.xpt,OK,"714,640 bytes"
2011-2012,SMQ,SMQ_G.xpt,OK,"1,946,960 bytes"
2011-2012,ALQ,ALQ_G.xpt,OK,"451,360 bytes"
2011-2012,PAQ,PAQ_G.xpt,OK,"1,533,680 bytes"
2011-2012,DBQ,DBQ_G.xpt,OK,"3,362,880 bytes"
2011-2012,MCQ,MCQ_G.xpt,OK,"6,905,520 bytes"
2011-2012,BPQ,BPQ_G.xpt,OK,"743,920 bytes"
2011-2012,CBC,CBC_G.xpt,OK,"1,508,320 bytes"
2011-2012,HDL,HDL_G.xpt,OK,"188,960 bytes"
2011-2012,TCHOL,TCHOL_G.xpt,OK,"188,960 bytes"
2011-2012,TRIGLY,TRIGLY_G.xpt,OK,"157,120 bytes"
2011-2012,INS,INS_G.xpt,OK,"209,200 bytes"
2011-2012,HSCRP,CRP_G.xpt,FAIL,HTML error page (1245 bytes)
2011-2012,ALB_CR,ALB_CR_G.xpt,OK,"377,040 bytes"
2011-2012,HSQ,HSQ_G.xpt,OK,"1,005,840 bytes"
2013-2014,DEMO,DEMO_H.xpt,OK,"3,833,200 bytes"
2013-2014,BMX,BMX_H.xpt,OK,"2,045,520 bytes"
2013-2014,GHB,GHB_H.xpt,OK,"112,720 bytes"
2013-2014,GLU,GLU_H.xpt,OK,"161,440 bytes"
2013-2014,BPX,BPX_H.xpt,OK,"1,809,600 bytes"
2013-2014,BIOPRO,BIOPRO_H.xpt,OK,"2,127,760 bytes"
2013-2014,DIQ,DIQ_H.xpt,OK,"4,228,960 bytes"
2013-2014,KIQ_U,KIQ_U_H.xpt,OK,"741,440 bytes"
2013-2014,SMQ,SMQ_H.xpt,OK,"2,170,000 bytes"
2013-2014,ALQ,ALQ_H.xpt,OK,"476,080 bytes"
2013-2014,PAQ,PAQ_H.xpt,OK,"7,297,920 bytes"
2013-2014,DBQ,DBQ_H.xpt,OK,"4,159,360 bytes"
2013-2014,MCQ,MCQ_H.xpt,OK,"7,439,280 bytes"
2013-2014,BPQ,BPQ_H.xpt,OK,"726,720 bytes"
2013-2014,CBC,CBC_H.xpt,OK,"1,586,640 bytes"
2013-2014,HDL,HDL_H.xpt,OK,"200,240 bytes"
2013-2014,TCHOL,TCHOL_H.xpt,OK,"200,240 bytes"
2013-2014,TRIGLY,TRIGLY_H.xpt,OK,"161,440 bytes"
2013-2014,INS,INS_H.xpt,OK,"161,440 bytes"
2013-2014,HSCRP,CRP_H.xpt,FAIL,file not found
2013-2014,ALB_CR,ALB_CR_H.xpt,OK,"399,600 bytes"
2013-2014,HSQ,HSQ_H.xpt,OK,"680,400 bytes"
2015-2016,DEMO,DEMO_I.xpt,OK,"3,756,480 bytes"
2015-2016,BMX,BMX_I.xpt,OK,"1,989,600 bytes"
2015-2016,GHB,GHB_I.xpt,OK,"108,960 bytes"
2015-2016,GLU,GLU_I.xpt,OK,"103,440 bytes"
2015-2016,BPX,BPX_I.xpt,OK,"1,607,120 bytes"
2015-2016,BIOPRO,BIOPRO_I.xpt,OK,"2,056,320 bytes"
2015-2016,DIQ,DIQ_I.xpt,OK,"4,144,720 bytes"
2015-2016,KIQ_U,KIQ_U_I.xpt,OK,"735,040 bytes"
2015-2016,SMQ,SMQ_I.xpt,OK,"2,681,040 bytes"
2015-2016,ALQ,ALQ_I.xpt,OK,"460,960 bytes"
2015-2016,PAQ,PAQ_I.xpt,OK,"6,973,680 bytes"
2015-2016,DBQ,DBQ_I.xpt,OK,"4,076,160 bytes"
2015-2016,MCQ,MCQ_I.xpt,OK,"6,907,360 bytes"
2015-2016,BPQ,BPQ_I.xpt,OK,"559,120 bytes"
2015-2016,CBC,CBC_I.xpt,OK,"1,543,440 bytes"
2015-2016,HDL,HDL_I.xpt,OK,"193,760 bytes"
2015-2016,TCHOL,TCHOL_I.xpt,OK,"193,760 bytes"
2015-2016,TRIGLY,TRIGLY_I.xpt,OK,"154,800 bytes"
2015-2016,INS,INS_I.xpt,OK,"180,480 bytes"
2015-2016,HSCRP,HSCRP_I.xpt,OK,"221,200 bytes"
2015-2016,ALB_CR,ALB_CR_I.xpt,OK,"552,800 bytes"
2015-2016,HSQ,HSQ_I.xpt,OK,"661,920 bytes"
2017-2018,DEMO,DEMO_J.xpt,OK,"3,412,720 bytes"
2017-2018,BMX,BMX_J.xpt,OK,"1,466,000 bytes"
2017-2018,GHB,GHB_J.xpt,OK,"103,520 bytes"
2017-2018,GLU,GLU_J.xpt,OK,"98,480 bytes"
2017-2018,BPX,BPX_J.xpt,OK,"1,466,000 bytes"
2017-2018,BIOPRO,BIOPRO_J.xpt,OK,"2,106,080 bytes"
2017-2018,DIQ,DIQ_J.xpt,OK,"3,851,840 bytes"
2017-2018,KIQ_U,KIQ_U_J.xpt,OK,"715,840 bytes"
2017-2018,SMQ,SMQ_J.xpt,OK,"2,305,600 bytes"
2017-2018,ALQ,ALQ_J.xpt,OK,"444,800 bytes"
2017-2018,PAQ,PAQ_J.xpt,OK,"799,600 bytes"
2017-2018,DBQ,DBQ_J.xpt,OK,"3,412,720 bytes"
2017-2018,MCQ,MCQ_J.xpt,OK,"5,420,800 bytes"
2017-2018,BPQ,BPQ_J.xpt,OK,"544,560 bytes"
2017-2018,CBC,CBC_J.xpt,OK,"1,476,320 bytes"
2017-2018,HDL,HDL_J.xpt,OK,"179,680 bytes"
2017-2018,TCHOL,TCHOL_J.xpt,OK,"179,680 bytes"
2017-2018,TRIGLY,TRIGLY_J.xpt,OK,"245,040 bytes"
2017-2018,INS,INS_J.xpt,OK,"122,880 bytes"
2017-2018,HSCRP,HSCRP_J.xpt,OK,"202,000 bytes"
2017-2018,ALB_CR,ALB_CR_J.xpt,OK,"509,760 bytes"
2017-2018,HSQ,HSQ_J.xpt,OK,"604,400 bytes"
2021-2023,DEMO,DEMO_L.xpt,OK,"2,582,160 bytes"
2021-2023,BMX,BMX_L.xpt,OK,"1,563,200 bytes"
2021-2023,GHB,GHB_L.xpt,OK,"174,000 bytes"
2021-2023,GLU,GLU_L.xpt,OK,"129,200 bytes"
2021-2023,BPX,BPXO_L.xpt,WARN,"missing ['BPXSY1', 'BPXDI1', 'BPXSY2', 'BPXDI2', 'BPXSY3', 'BPXDI3']"
2021-2023,BIOPRO,BIOPRO_L.xpt,OK,"2,425,520 bytes"
2021-2023,DIQ,DIQ_L.xpt,OK,"847,600 bytes"
2021-2023,KIQ_U,KIQ_U_L.xpt,OK,"564,320 bytes"
2021-2023,SMQ,SMQ_L.xpt,WARN,missing ['SMD030']
2021-2023,ALQ,ALQ_L.xpt,OK,"458,320 bytes"
2021-2023,PAQ,PAQ_L.xpt,WARN,"missing ['PAQ605', 'PAQ620', 'PAQ635', 'PAQ650', 'PAQ665']"
2021-2023,DBQ,DBQ_L.xpt,WARN,missing ['DBQ700']
2021-2023,MCQ,MCQ_L.xpt,OK,"3,294,000 bytes"
2021-2023,BPQ,BPQ_L.xpt,OK,"409,680 bytes"
2021-2023,CBC,CBC_L.xpt,OK,"1,609,840 bytes"
2021-2023,HDL,HDL_L.xpt,OK,"259,520 bytes"
2021-2023,TCHOL,TCHOL_L.xpt,OK,"259,520 bytes"
2021-2023,TRIGLY,TRIGLY_L.xpt,WARN,missing ['LBXTR']
2021-2023,INS,INS_L.xpt,OK,"161,280 bytes"
2021-2023,HSCRP,HSCRP_L.xpt,OK,"280,560 bytes"
2021-2023,ALB_CR,ALB_CR_L.xpt,OK,"545,440 bytes"
2021-2023,HSQ,HSQ_L.xpt,WARN,missing ['HSD010']
