auroc,auprc,f1,mcc,brier,disease,model,cv_auroc_mean,cv_auroc_std,cv_auprc_mean,cv_auprc_std,cv_f1_mean,cv_f1_std,cv_mcc_mean,cv_mcc_std,cv_brier_mean,cv_brier_std
0.7760162828305359,0.46559801195675854,0.5111821086261981,0.3430924154358689,0.1984614527919413,diabetes,knowledge_graph,,,,,,,,,,
0.917398092901355,0.8140630699327728,0.6851851851851852,0.5890466215044962,0.11512045951504449,diabetes,logistic_regression,0.8999112630081527,0.017005351140052256,0.7809308716523168,0.024517219132035185,0.6785969810545388,0.033856142698134487,0.5795750301720435,0.04643893417388715,0.1186355000980732,0.00722733259762625
0.8339931968995706,0.5981026819113521,0.5609756097560976,0.42195533136595875,0.19088109446721221,diabetes,random_forest,0.8366367120830462,0.013761692549297924,0.6131503734784531,0.033380006014650944,0.5658947402252297,0.017927854038599825,0.4278089543761201,0.026877449494020517,0.19015686653540523,0.0034621800936320297
0.8939887358501089,0.7484668928995654,0.6124661246612466,0.5539397905411104,0.10348381847143173,diabetes,xgboost,0.8827153153089997,0.009536823923683631,0.7144892535069829,0.022851698375342934,0.5937686901793691,0.02275976290550345,0.5327729040155662,0.026957674656078744,0.10781750082969666,0.003505133224771494
0.8923102659900741,0.7384922164557532,0.671353251318102,0.5731331839955138,0.1374054950822401,diabetes,lightgbm,0.8786804708899767,0.010512194787804813,0.7057301721864339,0.025996578824981353,0.6321616376060295,0.01992702802763368,0.5173486630900939,0.026983785585126978,0.14005677905513692,0.008849408870114175
0.8895611442591871,0.7315857490674942,0.6441821247892074,0.5377873236251232,0.14171081495986984,diabetes,catboost,0.8768352224154077,0.008198020669895329,0.7045517967161501,0.024504244339628233,0.6298036768492816,0.018198277261775295,0.5143583278572164,0.02514064799988902,0.14422228416396762,0.00735456386278395
0.7764789149558989,0.8159840112540776,0.7151956323930846,0.39275405335417735,0.1938830754036469,hypertension,knowledge_graph,,,,,,,,,,
0.8404245088875298,0.8753879667144979,0.7709090909090909,0.5121642850565735,0.16573242952928263,hypertension,logistic_regression,0.8521913719101581,0.0177829878995395,0.8726711390918458,0.01869633709467113,0.7926854311977902,0.01296682725758944,0.5357162127845887,0.029567610234875016,0.15637268744893723,0.010044200855856332
0.8193721607410058,0.8453067885202488,0.7555555555555555,0.4617026731706722,0.19054158498108825,hypertension,random_forest,0.8219229483165783,0.013287261384967487,0.8349530377561925,0.016693007818747458,0.7783541670023333,0.01159324018725987,0.49447436420073354,0.029098849007532724,0.18916498927479033,0.0029009457437068654
0.8628116212962215,0.8957369018039791,0.8051724137931034,0.5529463188337259,0.15085230767726898,hypertension,xgboost,0.8690993398963853,0.012793636684985047,0.8944915522757866,0.011423629623175585,0.8152935193741124,0.013104836522818776,0.5630300295128501,0.029065693753648703,0.14688796997070314,0.006895934370374802
0.8644117997776675,0.8990411777437697,0.7912885662431942,0.5548537655920507,0.15269070418930508,hypertension,lightgbm,0.8704923050282881,0.012731671401953434,0.8983217713287497,0.010979503989094329,0.8052837213947548,0.0090577311591981,0.5650048865844954,0.017960493896872966,0.1480483835095065,0.0061590974421867895
0.858495755295783,0.8908048630242971,0.7902350813743219,0.5500300274820132,0.15560318137436943,hypertension,catboost,0.8666765902225272,0.011485184298548412,0.8927079691255575,0.009871192119563329,0.8091581626228672,0.011281791133513014,0.5705685727729366,0.02177865864603403,0.14981047704345496,0.005598635570961262
0.8221808540644215,0.5046253471442799,0.37158469945355194,0.3274794258816963,0.15720550182714046,ckd,knowledge_graph,,,,,,,,,,
0.8336097478422745,0.5797732231756971,0.4407894736842105,0.39798293264366635,0.12264257223447034,ckd,logistic_regression,0.8727410421517687,0.02811361080885465,0.5876963996469332,0.04264232830221558,0.4480230190980933,0.027821564465304153,0.4118503266973351,0.03888078959088651,0.12239165607499178,0.004224338081457159
0.8582162802504654,0.5708376660855319,0.42038216560509556,0.3754015546162427,0.15974031912800507,ckd,random_forest,0.8823728737756475,0.026556945105363355,0.5277041057593095,0.06052402244345983,0.4455701710546533,0.021649757801414222,0.41298132419698297,0.029396426433488693,0.15652558241708864,0.002075516065302158
0.8640040616009478,0.6494174586380723,0.5517241379310345,0.5524414378916094,0.05052435025572777,ckd,xgboost,0.8916546255888832,0.02728463096637353,0.6075688712735094,0.05456891358723172,0.5248242911511277,0.043036047118938804,0.5213313819861046,0.04569524870645454,0.05405720770359039,0.004649237343812041
0.8552829017882326,0.6323515040765055,0.46153846153846156,0.4223419343258346,0.10850023284025336,ckd,lightgbm,0.8875812947476845,0.026637644591819495,0.6098835688361232,0.042460326924286265,0.48518883842651145,0.020525942252043957,0.45107766846884056,0.026841846110006444,0.10680656652607223,0.003225188311012845
0.8638799571275456,0.6389747001095467,0.46204620462046203,0.42455042973131696,0.11457313561200148,ckd,catboost,0.893143988650776,0.024360617032132943,0.5936938518452038,0.04481524739943522,0.47838553600819483,0.02089349213718227,0.446300615418468,0.029063680812409818,0.1131580794923708,0.0032707714402738326
0.7071148873942326,0.7573277215590687,0.6704653371320038,0.28752657170896573,0.2197655762227383,dyslipidemia,knowledge_graph,,,,,,,,,,
0.7922045888006484,0.8650351350474925,0.7284768211920529,0.4119903703584468,0.18676636504583372,dyslipidemia,logistic_regression,0.7877258417141306,0.00698987294661254,0.8550889285245813,0.007755074455612814,0.7368917037643107,0.012275705290734407,0.41937295791330376,0.01665522321870919,0.18861121362343397,0.004074111140693295
0.7567204478683527,0.8287346616114633,0.6991404011461319,0.35692496574169963,0.21590277318565723,dyslipidemia,random_forest,0.735094309290796,0.01687978793142035,0.8147243660888043,0.016724719344658218,0.6872671391474461,0.017379994590104895,0.3166739052247173,0.022487122214492148,0.21871415590194684,0.003191252067946938
0.8586977108852976,0.9114931501533577,0.8022181146025879,0.5569700914571936,0.15668287873268127,dyslipidemia,xgboost,0.8368030928082977,0.008096530480416175,0.8983134997524879,0.006824398023099435,0.774042995195877,0.014575111646999544,0.4733958690505079,0.02501843831572397,0.16368429362773895,0.004116318430192896
0.8577507036484004,0.910784831777423,0.7379454926624738,0.5389889408826354,0.16208367276938818,dyslipidemia,lightgbm,0.8350350625301829,0.007247926510411014,0.8976375533529064,0.0058723165636524665,0.7256082732137181,0.020303735280188463,0.5052584344986178,0.016846839385741188,0.16805576503967695,0.0059305777877739175
0.8497033444771859,0.9076643202740394,0.7592592592592593,0.5624711863457594,0.1633964359840261,dyslipidemia,catboost,0.828448493601389,0.00661040645320575,0.8942254982509509,0.0058235822154105235,0.7311445330427584,0.024244631565454203,0.4991682097360581,0.02063635890223275,0.17062132454372897,0.005580329891649
0.7582650947765824,0.33315368473670387,0.3761467889908257,0.28256331323824013,0.18105088638224187,cvd,knowledge_graph,,,,,,,,,,
0.8454647941482343,0.44685554852980786,0.47572815533980584,0.4146755464803809,0.1486629381837519,cvd,logistic_regression,0.8431681391195331,0.005751693425140959,0.43439020791744937,0.036303534742617875,0.4461337960610273,0.00945837516640338,0.37858329114350076,0.014482777897517186,0.15551124183169288,0.004536063517436363
0.8272260917440815,0.4218928783735035,0.4025974025974026,0.32554106790420917,0.18164361035096668,cvd,random_forest,0.8294724560976944,0.008838030203068111,0.4192050540311475,0.03743972418041991,0.4183598851151067,0.01925018069497132,0.3485422977521632,0.024773022490612966,0.1814261561261417,0.002697963286174183
0.8554099993882563,0.47653163104748364,0.26506024096385544,0.26587026207195674,0.08319342881441116,cvd,xgboost,0.8489753952143195,0.007452749507515475,0.4548479171692378,0.04073538136290866,0.27933045358144515,0.043565725842195105,0.2828530966550132,0.05615963083303266,0.08475082963705063,0.0031076631881445113
0.8482176409413861,0.47523508816175364,0.4369369369369369,0.37023229993797924,0.14885547362090185,cvd,lightgbm,0.8461621311025613,0.008108435507787873,0.4589720978036206,0.03762431846818773,0.45043469124149116,0.024660754244460285,0.38437211371079144,0.03288726632863579,0.1476488360747567,0.004370945079338835
0.8520191912747866,0.46567183758265607,0.44097995545657015,0.37745556604291597,0.1528928983177592,cvd,catboost,0.8474641957138523,0.005480829584388403,0.4594262007205117,0.03804577241242621,0.4427364048739422,0.025689977721233288,0.37938541053089636,0.035298939093783246,0.15321155711246223,0.003973140355907604
0.7794461644306845,0.6450066367732489,0.6296296296296297,0.3818725373714308,0.19215311716652414,metabolic_syndrome,knowledge_graph,,,,,,,,,,
0.8281217750257996,0.6996553566915523,0.6873156342182891,0.48723663461353645,0.16790446139562631,metabolic_syndrome,logistic_regression,0.824720305124395,0.010146447030314976,0.7189567765350078,0.022501622637617538,0.6816425142643696,0.012707168695748217,0.47647321249964836,0.020042823642635224,0.17122994309200248,0.006163895323965297
0.8332989336085312,0.735742510694227,0.6859504132231405,0.47113580919645626,0.18164943534569525,metabolic_syndrome,random_forest,0.8298915211064763,0.020370187112504767,0.7304763859826792,0.02974203887466443,0.6945044030811174,0.02156754365772746,0.48528805139459824,0.03790021997465829,0.18345575406178763,0.005737656764694751
0.8529411764705883,0.7647269239147797,0.6787479406919276,0.5080823321876123,0.1512521654367447,metabolic_syndrome,xgboost,0.8485735648371934,0.013515620637310669,0.7495309472802147,0.018895873103979725,0.6857797226972633,0.0211706400492663,0.5090749605932126,0.032736252166667534,0.15281941890716552,0.00680699381304119
0.8536234376791653,0.7596313000010618,0.7122507122507122,0.5217888550125575,0.15508066665378598,metabolic_syndrome,lightgbm,0.8479173836098661,0.01607269919955715,0.7500076958443828,0.021088559097737963,0.7200075775320792,0.017230209215102554,0.5333173659284501,0.02954927222235721,0.15951926876422326,0.008417100744108078
0.8522761151244124,0.7665806166668228,0.703012912482066,0.507455523306193,0.15629942016364398,metabolic_syndrome,catboost,0.8479665418771081,0.015994648374833255,0.7495444443311848,0.023753747448809814,0.7157105560132591,0.018787260218867393,0.525773228154253,0.03217007303044593,0.16025713777760586,0.008615110720284298
0.75811799501868,0.3111503070461559,0.4074844074844075,0.29942649183055425,0.19293373599314825,liver_disease,knowledge_graph,,,,,,,,,,
0.7827054794520547,0.42482966293825253,0.4248927038626609,0.321968362288571,0.1745238083149013,liver_disease,logistic_regression,0.7994003696916016,0.019199102234495464,0.4209806043512879,0.03880639838483579,0.441683786949147,0.024663363925348857,0.34534951444769935,0.03490701856673501,0.1755423377986612,0.00935837960275889
0.7919364881693648,0.44390859475605304,0.3874538745387454,0.27879613131367315,0.19579427873571695,liver_disease,random_forest,0.7944764391055225,0.017954269421931797,0.39031487336203413,0.04904315628466879,0.402732405734296,0.02071456077199061,0.30403346881450616,0.032315140820837134,0.19573023645071513,0.004767705257577945
0.8228440224159402,0.4707369088732481,0.23728813559322035,0.2703643370053133,0.09774214774370193,liver_disease,xgboost,0.8340958126589365,0.017065847314621668,0.45188580900082476,0.03987199032345721,0.230033346765172,0.05907595352937483,0.24248345365071797,0.0439349073276611,0.09800031334161759,0.0034119833147198885
0.8132160647571606,0.455782420243726,0.45982142857142855,0.3674442698458926,0.16198859439261468,liver_disease,lightgbm,0.8287363599253913,0.015822437222948522,0.44097967813431965,0.04333644931327529,0.4504442419584471,0.01736652716188843,0.3585267029704746,0.024204093563437445,0.1606406844573393,0.00393322284933321
0.8145703611457036,0.4691048502495421,0.4430379746835443,0.34891826370976775,0.1673009139412314,liver_disease,catboost,0.8290099141704179,0.017654503694580673,0.45186980278752387,0.03897668570103793,0.4510107905382118,0.012692027575155463,0.36252392591888827,0.017847872960150942,0.16715830743911955,0.005232930969962168
