threshold,sensitivity,specificity,ppv,npv,f1,mcc,youden,tp,fp,fn,tn,disease,method,auroc,auprc
0.2599887340226194,0.8325991189427313,0.8873417721518987,0.6798561151079137,0.9485791610284168,0.7485148514851485,0.6726338176875213,0.7199408910946299,189,89,38,701,diabetes,youden,0.9286176322979981,0.8464281744899425
0.3902315744511402,0.7312775330396476,0.9392405063291139,0.7757009345794392,0.9240348692403487,0.7528344671201814,0.6849711521322401,0.6705180393687615,166,48,61,742,diabetes,f1,0.9286176322979981,0.8464281744899425
0.5795238979814554,0.7979274611398963,0.8530066815144766,0.875,0.766,0.8346883468834688,0.6459479742529216,0.6509341426543729,462,66,117,383,hypertension,youden,0.8948767362513511,0.9287239899870783
0.5073210958355443,0.8341968911917098,0.8151447661469933,0.8533568904593639,0.7922077922077922,0.8436681222707424,0.6474504158330777,0.6493416573387032,483,83,96,366,hypertension,f1,0.8948767362513511,0.9287239899870783
0.1027394355456545,0.7894736842105263,0.8327974276527331,0.3246753246753247,0.9749058971141782,0.4601226993865031,0.4317646812516138,0.6222711118632596,75,156,20,777,ckd,youden,0.8634399503582106,0.6418804876939073
0.23234815274373835,0.6,0.9592711682743837,0.6,0.9592711682743837,0.6,0.5592711682743837,0.5592711682743836,57,38,38,895,ckd,f1,0.8634399503582106,0.6418804876939073
0.5790780604537529,0.6906854130052724,0.8947368421052632,0.903448275862069,0.6697936210131332,0.7828685258964143,0.5793000638637302,0.5854222551105357,393,42,176,357,dyslipidemia,youden,0.8645207042210095,0.9182824495670132
0.43586639977395986,0.836555360281195,0.6892230576441103,0.7933333333333333,0.7472826086956522,0.8143712574850299,0.5331455661498073,0.5257784179253053,476,124,93,275,dyslipidemia,f1,0.8645207042210095,0.9182824495670132
0.13398686051368713,0.7952755905511811,0.8091009988901221,0.36996336996337,0.9655629139072848,0.505,0.4503157016068403,0.6043765894413031,101,172,26,729,cvd,youden,0.8672253926083877,0.5159584167109847
0.19593100249767303,0.6771653543307087,0.8801331853496115,0.44329896907216493,0.9508393285371702,0.5358255451713395,0.46867120424639913,0.5572985396803203,86,108,41,793,cvd,f1,0.8672253926083877,0.5159584167109847
0.30213591425162556,0.8421052631578947,0.6962962962962963,0.6238532110091743,0.8805620608899297,0.7167325428194994,0.5211314316014602,0.5384015594541909,272,164,51,376,metabolic_syndrome,youden,0.8539961013645223,0.7746866745492892
0.30213591425162556,0.8421052631578947,0.6962962962962963,0.6238532110091743,0.8805620608899297,0.7167325428194994,0.5211314316014602,0.5384015594541909,272,164,51,376,metabolic_syndrome,f1,0.8539961013645223,0.7746866745492892
0.12463214993476868,0.7945205479452054,0.7284090909090909,0.3267605633802817,0.9552906110283159,0.4630738522954092,0.384048068309057,0.5229296388542963,116,239,30,641,liver_disease,youden,0.8216765255292653,0.4733811148641206
0.19790810346603394,0.6027397260273972,0.8454545454545455,0.39285714285714285,0.9276807980049875,0.4756756756756757,0.3790293773403647,0.4481942714819427,88,136,58,744,liver_disease,f1,0.8216765255292653,0.4733811148641206
