auroc,auprc,f1,mcc,brier,disease,model,best_params,cv_auprc_mean,cv_auprc_std
0.9286176322979981,0.8464281744899425,0.7308641975308642,0.6728361340846205,0.07681653964265404,diabetes,logistic_regression,"{'C': np.float64(0.24637685958997463), 'l1_ratio': np.float64(0.9218742350231168), 'solver': 'saga'}",0.827966899202744,0.01549106307881544
0.8679473596163496,0.674600482481714,0.6332665330661322,0.5190289977842724,0.13712439665568615,diabetes,random_forest,"{'class_weight': 'balanced', 'max_depth': 13, 'max_features': 'sqrt', 'min_samples_leaf': 4, 'min_samples_split': 6, 'n_estimators': 259}",0.653921775604638,0.024720151330024545
0.9117492890202421,0.7954644684789371,0.6814814814814815,0.6106915197567612,0.09103203564882278,diabetes,xgboost,"{'colsample_bytree': np.float64(0.8827429375390468), 'learning_rate': np.float64(0.11935262708510537), 'max_depth': 3, 'min_child_weight': 5, 'n_estimators': 330, 'reg_alpha': np.float64(0.4020759548749851), 'reg_lambda': np.float64(4.569184576834548), 'subsample': np.float64(0.9400154311159197)}",0.7560758422306163,0.014539886618579932
0.9081860257625606,0.7934393331035783,0.6649484536082474,0.6020408629928398,0.09226301308025216,diabetes,lightgbm,"{'colsample_bytree': np.float64(0.822080324639785), 'learning_rate': np.float64(0.06058402553512053), 'max_depth': 4, 'min_child_samples': 5, 'n_estimators': 403, 'reg_alpha': np.float64(7.27239408912016), 'reg_lambda': np.float64(0.17106998386865802), 'subsample': np.float64(0.9530545372757359)}",0.7509003871009944,0.016541015628897367
0.9098700719344226,0.7941720873347319,0.6511627906976745,0.5855579362587706,0.09240599850781961,diabetes,catboost,"{'border_count': 75, 'depth': 4, 'iterations': 301, 'l2_leaf_reg': np.float64(3.7958531426706403), 'learning_rate': np.float64(0.0764136186923332), 'subsample': np.float64(0.9687496940092467)}",0.7398479945836087,0.012671298660630948
0.8834439301845759,0.7616495320575805,0.676056338028169,0.5927513988754441,0.11584079696465105,diabetes,mlp,"{'alpha': np.float64(0.0003131849018141121), 'early_stopping': True, 'hidden_layer_sizes': (50,), 'learning_rate_init': np.float64(0.009413993046829943), 'max_iter': 1000, 'random_state': 42}",0.732350362357657,0.018317222273571496
0.928835108459265,0.8380064745083994,0.7153652392947103,0.6585542140724355,0.08156272792806864,diabetes,voting_ensemble,"{'components': ['logistic_regression', 'xgboost', 'lightgbm']}",0.7783143761781183,0.015523988442097578
0.8431401964065222,0.87582478219035,0.7896551724137931,0.5173396501125692,0.16060081753568847,hypertension,logistic_regression,"{'C': np.float64(0.06672367170464207), 'l1_ratio': np.float64(0.7851759613930136), 'solver': 'saga'}",0.8765498205187876,0.01635873660034628
0.8474599089898489,0.8809211846981542,0.7912280701754386,0.5318820111439327,0.1594538807322202,hypertension,random_forest,"{'class_weight': 'balanced_subsample', 'max_depth': 9, 'max_features': None, 'min_samples_leaf': 9, 'min_samples_split': 8, 'n_estimators': 114}",0.8821723193165625,0.009336425285418878
0.8931169245800492,0.924847662510494,0.8333333333333334,0.6264190583018484,0.1309998780488968,hypertension,xgboost,"{'colsample_bytree': np.float64(0.8827429375390468), 'learning_rate': np.float64(0.11935262708510537), 'max_depth': 3, 'min_child_weight': 5, 'n_estimators': 330, 'reg_alpha': np.float64(0.4020759548749851), 'reg_lambda': np.float64(4.569184576834548), 'subsample': np.float64(0.9400154311159197)}",0.9236567174503081,0.01161345735632851
0.8948767362513511,0.9287239899870783,0.84,0.6370111657407056,0.13045668840946686,hypertension,lightgbm,"{'colsample_bytree': np.float64(0.822080324639785), 'learning_rate': np.float64(0.06058402553512053), 'max_depth': 4, 'min_child_samples': 5, 'n_estimators': 403, 'reg_alpha': np.float64(7.27239408912016), 'reg_lambda': np.float64(0.17106998386865802), 'subsample': np.float64(0.9530545372757359)}",0.9278686075757022,0.009894867318848062
0.8897184685984205,0.9214293268959398,0.8344947735191638,0.6254012611606482,0.13397738453758276,hypertension,catboost,"{'border_count': 75, 'depth': 4, 'iterations': 301, 'l2_leaf_reg': np.float64(3.7958531426706403), 'learning_rate': np.float64(0.0764136186923332), 'subsample': np.float64(0.9687496940092467)}",0.92167174590792,0.009546420457882381
0.8223955748910455,0.8524771049810151,0.7776824034334764,0.4870688087347158,0.17019232387573527,hypertension,mlp,"{'alpha': np.float64(0.009717775305059635), 'early_stopping': True, 'hidden_layer_sizes': (100,), 'learning_rate_init': np.float64(0.0007084541505250235), 'max_iter': 1000, 'random_state': 42}",0.8610882784239543,0.022785659168463205
0.89558450750276,0.9276247774228872,0.8411867364746946,0.6414157515398802,0.1297288404628666,hypertension,voting_ensemble,"{'components': ['lightgbm', 'xgboost', 'catboost']}",0.9243990236446434,0.010351581711019651
0.8634399503582106,0.6418804876939073,0.47619047619047616,0.5329608587958937,0.05301313458975181,ckd,logistic_regression,"{'C': np.float64(0.017654048052495083), 'l1_ratio': np.float64(0.5200680211778108), 'solver': 'saga'}",0.6328225880925638,0.0632549756051247
0.854831612794043,0.5991026018451789,0.5179856115107914,0.5299292759416635,0.053681479573504484,ckd,random_forest,"{'class_weight': None, 'max_depth': 12, 'max_features': None, 'min_samples_leaf': 7, 'min_samples_split': 4, 'n_estimators': 187}",0.6021517285375275,0.04649759954260177
0.8639814971512383,0.6346306039342525,0.5263157894736842,0.5605710679116783,0.05325361341238022,ckd,xgboost,"{'colsample_bytree': np.float64(0.878206434570451), 'learning_rate': np.float64(0.016062363601797407), 'max_depth': 9, 'min_child_weight': 4, 'n_estimators': 112, 'reg_alpha': np.float64(0.0020319809838424984), 'reg_lambda': np.float64(0.014421346497969485), 'subsample': np.float64(0.6644885149016018)}",0.6077698487796249,0.050637066237628585
0.8670276978620184,0.6295572774281408,0.5507246376811594,0.5708899817946446,0.053031154590756364,ckd,lightgbm,"{'colsample_bytree': np.float64(0.6557975442608167), 'learning_rate': np.float64(0.027010527749605478), 'max_depth': 9, 'min_child_samples': 48, 'n_estimators': 154, 'reg_alpha': np.float64(8.568869785189005), 'reg_lambda': np.float64(0.07362945281639216), 'subsample': np.float64(0.9439761626945282)}",0.6031669130918422,0.055129741375615327
0.8623907034467198,0.633719292016084,0.5714285714285714,0.5884274449536339,0.051116903252490596,ckd,catboost,"{'border_count': 123, 'depth': 3, 'iterations': 330, 'l2_leaf_reg': np.float64(4.2394914738697675), 'learning_rate': np.float64(0.025233199982877236), 'subsample': np.float64(0.8590760482165449)}",0.6208732690259363,0.05886539239903555
0.8071303661081967,0.5225280030890463,0.48717948717948717,0.46010713493449523,0.06334995159558948,ckd,mlp,"{'alpha': np.float64(0.00011021468611551675), 'early_stopping': True, 'hidden_layer_sizes': (50, 25), 'learning_rate_init': np.float64(0.002592475660475161), 'max_iter': 1000, 'random_state': 42}",0.5538977110674688,0.05812777412897896
0.8663958932701528,0.6454059179539551,0.5303030303030303,0.569475564034668,0.0518129765214216,ckd,voting_ensemble,"{'components': ['logistic_regression', 'catboost', 'xgboost']}",0.6204885686327084,0.05758581141392962
0.8032427289665289,0.8750104477475062,0.7596236099230111,0.3947942738683212,0.17814089700151872,dyslipidemia,logistic_regression,"{'C': np.float64(0.03148911647956861), 'l1_ratio': np.float64(0.9507143064099162), 'solver': 'saga'}",0.8634584468900076,0.007743059775320009
0.8663178156287028,0.9199465958251652,0.7977422389463782,0.560993431735922,0.14660360455143273,dyslipidemia,random_forest,"{'class_weight': None, 'max_depth': 13, 'max_features': None, 'min_samples_leaf': 6, 'min_samples_split': 5, 'n_estimators': 165}",0.9024045517214943,0.009328102040052211
0.865833300298197,0.9192796661822081,0.8033395176252319,0.5623919297311014,0.14482063055038452,dyslipidemia,xgboost,"{'colsample_bytree': np.float64(0.8650089137415928), 'learning_rate': np.float64(0.028869220380495747), 'max_depth': 8, 'min_child_weight': 6, 'n_estimators': 205, 'reg_alpha': np.float64(0.18655260217376832), 'reg_lambda': np.float64(0.0013342990285187936), 'subsample': np.float64(0.9369139098379994)}",0.9078517952836769,0.0055096636807728016
0.8645207042210095,0.9182824495670132,0.7985074626865671,0.5558862205648943,0.14546171332752547,dyslipidemia,lightgbm,"{'colsample_bytree': np.float64(0.7433862914177091), 'learning_rate': np.float64(0.014830392684568025), 'max_depth': 9, 'min_child_samples': 13, 'n_estimators': 427, 'reg_alpha': np.float64(0.0627773091695805), 'reg_lambda': np.float64(0.002407911195464457), 'subsample': np.float64(0.7483273008793065)}",0.9099110884520414,0.006487938234589352
0.8669476855583598,0.9203536560378711,0.8190127970749543,0.5872369732185756,0.14572966602073675,dyslipidemia,catboost,"{'border_count': 75, 'depth': 4, 'iterations': 301, 'l2_leaf_reg': np.float64(3.7958531426706403), 'learning_rate': np.float64(0.0764136186923332), 'subsample': np.float64(0.9687496940092467)}",0.9064692360922532,0.006186693843619412
0.7849897150609388,0.851774143861759,0.7587327376116978,0.351489471857824,0.1905869090941431,dyslipidemia,mlp,"{'alpha': np.float64(0.00010959604536925844), 'early_stopping': True, 'hidden_layer_sizes': (50,), 'learning_rate_init': np.float64(0.00853618986286683), 'max_iter': 1000, 'random_state': 42}",0.8347508973884118,0.018807188812050273
0.8699516806074941,0.9220113247442169,0.8117539026629935,0.5738675946300259,0.14349292315260884,dyslipidemia,voting_ensemble,"{'components': ['lightgbm', 'xgboost', 'catboost']}",0.9080773732759905,0.006061431919660523
0.844014087584224,0.44593821979688963,0.2891566265060241,0.296817963981029,0.0859505800865079,cvd,logistic_regression,"{'C': np.float64(0.01653693718282442), 'l1_ratio': np.float64(0.09767211400638387), 'solver': 'saga'}",0.45039994363902974,0.0334807639783393
0.8524124551023796,0.44284804808808537,0.47093023255813954,0.39257334887414425,0.12861262060809336,cvd,random_forest,"{'class_weight': 'balanced', 'max_depth': 10, 'max_features': 'sqrt', 'min_samples_leaf': 8, 'min_samples_split': 9, 'n_estimators': 162}",0.446611392903187,0.044185447519454905
0.8672253926083877,0.5159584167109847,0.3372093023255814,0.3387003971492533,0.08053798228502274,cvd,xgboost,"{'colsample_bytree': np.float64(0.6002081507981263), 'learning_rate': np.float64(0.03317316825297632), 'max_depth': 5, 'min_child_weight': 7, 'n_estimators': 297, 'reg_alpha': np.float64(0.11040511903162252), 'reg_lambda': np.float64(0.0467351899956275), 'subsample': np.float64(0.6888431241882921)}",0.461520158904771,0.052995008572949816
0.8557246104503308,0.4991095257108935,0.3389830508474576,0.3273935352975389,0.08211385210140541,cvd,lightgbm,"{'colsample_bytree': np.float64(0.822080324639785), 'learning_rate': np.float64(0.06058402553512053), 'max_depth': 4, 'min_child_samples': 5, 'n_estimators': 403, 'reg_alpha': np.float64(7.27239408912016), 'reg_lambda': np.float64(0.17106998386865802), 'subsample': np.float64(0.9530545372757359)}",0.4600489671771449,0.03691431061312167
0.8513637515621313,0.4612599644968683,0.2641509433962264,0.2901778978284234,0.08462435549419027,cvd,catboost,"{'border_count': 123, 'depth': 3, 'iterations': 330, 'l2_leaf_reg': np.float64(4.2394914738697675), 'learning_rate': np.float64(0.025233199982877236), 'subsample': np.float64(0.8590760482165449)}",0.4614992089889829,0.04012880877234985
0.7656497155391647,0.33648160766837654,0.17567567567567569,0.21745698242946326,0.09641904270111616,cvd,mlp,"{'alpha': np.float64(0.0015326772391384116), 'early_stopping': True, 'hidden_layer_sizes': (100, 50), 'learning_rate_init': np.float64(0.0015696396388661157), 'max_iter': 1000, 'random_state': 42}",0.42834985298387035,0.022579655432833693
0.8629694040742133,0.49914160095119686,0.3132530120481928,0.32776566589010125,0.08138595249660929,cvd,voting_ensemble,"{'components': ['xgboost', 'catboost', 'lightgbm']}",0.46102277835696626,0.043346042652807115
0.8304437564499485,0.7026165213385626,0.6275862068965518,0.4493175389449947,0.1647581440456093,metabolic_syndrome,logistic_regression,"{'C': np.float64(0.06672367170464207), 'l1_ratio': np.float64(0.7851759613930136), 'solver': 'saga'}",0.7253331126697526,0.022690951009348297
0.8502866643733517,0.7552506823675335,0.6917057902973396,0.5105848079719363,0.1551007039056873,metabolic_syndrome,random_forest,"{'class_weight': 'balanced_subsample', 'max_depth': 12, 'max_features': 'sqrt', 'min_samples_leaf': 3, 'min_samples_split': 8, 'n_estimators': 451}",0.747807479138391,0.024386131853362095
0.8477124183006537,0.7507606006278914,0.6666666666666666,0.5025628454296658,0.15711049735546112,metabolic_syndrome,xgboost,"{'colsample_bytree': np.float64(0.6661067756252009), 'learning_rate': np.float64(0.01054622102066491), 'max_depth': 3, 'min_child_weight': 8, 'n_estimators': 228, 'reg_alpha': np.float64(0.0062353771356731605), 'reg_lambda': np.float64(0.0010521761868451127), 'subsample': np.float64(0.9261845713819337)}",0.7467921090185147,0.025170525684894134
0.8539961013645223,0.7746866745492892,0.6893203883495146,0.5178771738739673,0.15044534124606354,metabolic_syndrome,lightgbm,"{'colsample_bytree': np.float64(0.8721230154351118), 'learning_rate': np.float64(0.04628518674713462), 'max_depth': 4, 'min_child_samples': 8, 'n_estimators': 188, 'reg_alpha': np.float64(7.2866537374910445), 'reg_lambda': np.float64(1.7123375973163988), 'subsample': np.float64(0.7218455076693483)}",0.7494772039628085,0.020957007459325744
0.8543400986125445,0.7658047388122506,0.6743421052631579,0.5006319207152838,0.15055087442332693,metabolic_syndrome,catboost,"{'border_count': 152, 'depth': 6, 'iterations': 332, 'l2_leaf_reg': np.float64(0.016562467254117346), 'learning_rate': np.float64(0.01750719868156429), 'subsample': np.float64(0.8136357677501768)}",0.7492988173455454,0.019086503436046086
0.8336027978442838,0.6936075184767283,0.6556291390728477,0.4743286524475769,0.16411530519456455,metabolic_syndrome,mlp,"{'alpha': np.float64(0.00011527987128232407), 'early_stopping': True, 'hidden_layer_sizes': (100,), 'learning_rate_init': np.float64(0.0027796975515266818), 'max_iter': 1000, 'random_state': 42}",0.7130301679226265,0.020894415597259013
0.8558307533539731,0.7703611885602925,0.6915584415584416,0.5225141897310885,0.14974754304160764,metabolic_syndrome,voting_ensemble,"{'components': ['lightgbm', 'catboost', 'random_forest']}",0.7488611668155816,0.021476547582911305
0.8043430884184309,0.43879781786487676,0.23333333333333334,0.2518974970733081,0.10048095349275561,liver_disease,logistic_regression,"{'C': np.float64(0.06672367170464207), 'l1_ratio': np.float64(0.7851759613930136), 'solver': 'saga'}",0.42562656101183505,0.04092009315468828
0.8085538605230386,0.4854752486337434,0.06622516556291391,0.17180549072101906,0.10183273411173124,liver_disease,random_forest,"{'class_weight': None, 'max_depth': 11, 'max_features': 'log2', 'min_samples_leaf': 1, 'min_samples_split': 9, 'n_estimators': 161}",0.43288067727162166,0.04282784342174099
0.8216765255292653,0.4733811148641206,0.31794871794871793,0.31433234552098693,0.09744618088006973,liver_disease,xgboost,"{'colsample_bytree': np.float64(0.7836995567863468), 'learning_rate': np.float64(0.03111201090739482), 'max_depth': 5, 'min_child_weight': 6, 'n_estimators': 408, 'reg_alpha': np.float64(7.579479953348009), 'reg_lambda': np.float64(2.1368329072358767), 'subsample': np.float64(0.6849356442713105)}",0.45685041525479003,0.04169812710365285
0.8179794520547945,0.48213163060601416,0.31746031746031744,0.3324855572550529,0.09795805159131547,liver_disease,lightgbm,"{'colsample_bytree': np.float64(0.7433862914177091), 'learning_rate': np.float64(0.014830392684568025), 'max_depth': 9, 'min_child_samples': 13, 'n_estimators': 427, 'reg_alpha': np.float64(0.0627773091695805), 'reg_lambda': np.float64(0.002407911195464457), 'subsample': np.float64(0.7483273008793065)}",0.4533569375840889,0.04148600892927076
0.8145392278953923,0.4867982155165584,0.17177914110429449,0.2531055919396671,0.09862708321227831,liver_disease,catboost,"{'border_count': 117, 'depth': 6, 'iterations': 165, 'l2_leaf_reg': np.float64(0.3143519744713589), 'learning_rate': np.float64(0.02733296850684206), 'subsample': np.float64(0.6421977039321082)}",0.44730648653587657,0.036781988377021735
0.7713262764632628,0.39971556633241434,0.24870466321243523,0.23101162064754083,0.10714173233627768,liver_disease,mlp,"{'alpha': np.float64(0.0015326772391384116), 'early_stopping': True, 'hidden_layer_sizes': (100, 50), 'learning_rate_init': np.float64(0.0015696396388661157), 'max_iter': 1000, 'random_state': 42}",0.40169293016639285,0.049185144958392726
0.8265566625155666,0.4966871100670467,0.2824858757062147,0.335556771733269,0.09623214299469511,liver_disease,voting_ensemble,"{'components': ['xgboost', 'lightgbm', 'catboost']}",0.45250461312491846,0.03998870813664845
